"RK",TIERS,"PLAYER NAME",TEAM,"FANTASYPTS","YDS","TDS","REC","YDS","TDS","ATT","YDS","TDS"
"1",1,"Ja'Marr Chase",CIN,"403","0","0","127","1708","17","3","32","0"
"2",1,"Bijan Robinson",ATL,"341.7","0","0","61","431","1","304","1456","14"
"3",1,"Justin Jefferson",MIN,"317.5","0","0","103","1533","10","1","3","0"
"4",1,"CeeDee Lamb",DAL,"263.4","0","0","101","1194","6","14","70","0"
"5",2,"Jahmyr Gibbs",DET,"362.9","0","0","52","517","4","250","1412","16"
"6",2,"Malik Nabers",NYG,"273.6","0","0","109","1204","7","5","2","0"
"7",2,"Amon-Ra St. Brown",DET,"316.2","0","0","115","1263","12","2","6","0"
"8",2,"Puka Nacua",LAR,"206.6","0","0","79","990","3","11","46","1"
"9",2,"Saquon Barkley",PHI,"355.3","0","0","33","278","2","345","2005","13"
"10",2,"Nico Collins",HOU,"210.6","0","0","68","1006","7","0","0","0"
"11",2,"Brian Thomas Jr.",JAC,"284","0","0","87","1282","10","6","48","0"
"12",3,"Drake London",ATL,"280.8","0","0","100","1271","9","1","-3","0"
"13",3,"Christian McCaffrey",SF,"47.8","0","0","15","146","0","50","202","0"
"14",3,"A.J. Brown",PHI,"216.9","0","0","67","1079","7","0","0","0"
"15",3,"De'Von Achane",MIA,"299.9","0","0","78","592","6","203","907","6"
"16",3,"Brock Bowers",LV,"262.7","0","0","112","1194","5","5","13","0"
"17",3,"Ladd McConkey",LAC,"240.9","0","0","82","1149","7","0","0","0"
"18",3,"Ashton Jeanty",LV,"0","0","0","0","0","0","0","0","0"
"19",3,"Jaxon Smith-Njigba",SEA,"253","0","0","100","1130","6","5","26","0"
"20",3,"Trey McBride",ARI,"249.8","0","0","111","1146","2","1","2","1"
"21",4,"Derrick Henry",BAL,"336.4","0","0","19","193","2","325","1921","16"
"22",4,"Garrett Wilson",NYJ,"251.9","0","0","101","1104","7","2","5","0"
"23",4,"Tee Higgins",CIN,"222.1","0","0","73","911","10","0","0","0"
"24",4,"Josh Allen",BUF,"385","3731","28","0","0","0","102","531","12"
"25",4,"Lamar Jackson",BAL,"434.4","4172","41","0","0","0","139","915","4"
"26",4,"Tyreek Hill",MIA,"218.2","0","0","81","959","6","8","53","0"
"27",4,"Chase Brown",CIN,"255","0","0","54","360","4","229","990","7"
"28",4,"Bucky Irving",TB,"244.4","0","0","47","392","0","207","1122","8"
"29",4,"Davante Adams",LAR,"241.3","0","0","85","1063","8","0","0","0"
"30",4,"Josh Jacobs",GB,"293.1","0","0","36","342","1","301","1329","15"
"31",4,"Jonathan Taylor",IND,"244.7","0","0","18","136","1","303","1431","11"
"32",5,"George Kittle",SF,"236.6","0","0","78","1106","8","0","0","0"
"33",5,"Mike Evans",TB,"240.4","0","0","74","1004","11","0","0","0"
"34",5,"Jayden Daniels",WAS,"364.8","3568","25","0","0","0","148","891","6"
"35",5,"Jalen Hurts",PHI,"320.1","2903","18","0","0","0","150","630","14"
"36",5,"Kyren Williams",LAR,"272.1","0","0","34","182","2","316","1299","14"
"37",5,"Marvin Harrison Jr.",ARI,"196.5","0","0","62","885","8","0","0","0"
"38",5,"DJ Moore",CHI,"238.1","0","0","98","966","6","14","75","0"
"39",5,"Terry McLaurin",WAS,"267.8","0","0","82","1096","13","2","2","0"
"40",5,"Alvin Kamara",NO,"265.3","0","0","68","543","2","228","950","6"
"41",5,"Breece Hall",NYJ,"240.9","0","0","57","483","3","209","876","5"
"42",5,"Kenneth Walker III",SEA,"181.2","0","0","46","299","1","153","573","7"
"43",5,"DK Metcalf",PIT,"191.2","0","0","66","992","5","0","0","0"
"44",5,"Joe Burrow",CIN,"381.8","4918","43","0","0","0","42","201","2"
"45",5,"Courtland Sutton",DEN,"240.3","0","0","81","1081","8","0","0","0"
"46",6,"James Cook",BUF,"266.7","0","0","32","258","2","207","1009","16"
"47",6,"Omarion Hampton",LAC,"0","0","0","0","0","0","0","0","0"
"48",6,"DeVonta Smith",PHI,"199.4","0","0","68","833","8","1","1","0"
"49",6,"Chuba Hubbard",CAR,"241.6","0","0","43","171","1","250","1195","10"
"50",6,"Jaylen Waddle",MIA,"149.6","0","0","58","744","2","4","12","0"
"51",6,"Zay Flowers",BAL,"209.5","0","0","74","1059","4","9","56","0"
"52",6,"James Conner",ARI,"253.8","0","0","47","414","1","236","1094","8"
"53",6,"Tetairoa McMillan",CAR,"0","0","0","0","0","0","0","0","0"
"54",6,"Rashee Rice",KC,"64.9","0","0","24","288","2","1","1","0"
"55",6,"Xavier Worthy",KC,"187.2","0","0","59","638","6","20","104","3"
"56",6,"George Pickens",DAL,"164.4","0","0","59","900","3","2","-6","0"
"57",6,"Jameson Williams",DET,"212.2","0","0","58","1001","7","11","61","1"
"58",6,"Calvin Ridley",TEN,"199.2","0","0","64","1017","4","8","55","1"
"59",6,"Chris Olave",NO,"76.7","0","0","32","400","1","1","7","0"
"60",6,"Patrick Mahomes II",KC,"294","3928","26","0","0","0","58","307","2"
"61",6,"David Montgomery",DET,"221.7","0","0","36","341","0","185","775","12"
"62",6,"TreVeyon Henderson",NE,"0","0","0","0","0","0","0","0","0"
"63",7,"T.J. Hockenson",MIN,"86.5","0","0","41","455","0","0","0","0"
"64",7,"D'Andre Swift",CHI,"214.5","0","0","42","386","0","253","959","6"
"65",7,"Travis Hunter",JAC,"0","0","0","0","0","0","0","0","0"
"66",7,"Jerry Jeudy",CLE,"240.9","0","0","90","1229","4","0","0","0"
"67",7,"Aaron Jones Sr.",MIN,"241.6","0","0","51","408","2","255","1138","5"
"68",7,"Baker Mayfield",TB,"381.8","4500","41","0","0","0","60","378","3"
"69",7,"Sam LaPorta",DET,"174.6","0","0","60","726","7","0","0","0"
"70",7,"Travis Kelce",KC,"195.4","0","0","97","823","3","1","1","0"
"71",7,"Tony Pollard",TEN,"200.7","0","0","41","238","0","260","1079","5"
"72",7,"Isiah Pacheco",KC,"56.9","0","0","12","79","0","83","310","1"
"73",7,"Stefon Diggs",NE,"121.9","0","0","47","496","3","3","8","1"
"74",7,"RJ Harvey",DEN,"0","0","0","0","0","0","0","0","0"
"75",7,"Bo Nix",DEN,"329.2","3775","29","0","0","0","92","430","4"
"76",7,"Rome Odunze",CHI,"144.9","0","0","54","734","3","3","15","0"
"77",7,"Jakobi Meyers",LV,"218","0","0","87","1027","4","2","23","0"
"78",7,"Evan Engram",DEN,"89.5","0","0","47","365","1","0","0","0"
"79",7,"Kyler Murray",ARI,"308.2","3851","21","0","0","0","78","572","5"
"80",7,"Chris Godwin",TB,"137.8","0","0","50","576","5","1","2","0"
"81",7,"Kaleb Johnson",PIT,"0","0","0","0","0","0","0","0","0"
"82",7,"Joe Mixon",HOU,"240.5","0","0","36","309","1","245","1016","11"
"83",7,"Brian Robinson Jr.",WAS,"159.8","0","0","20","159","0","187","799","8"
"84",8,"David Njoku",CLE,"148.5","0","0","64","505","5","0","0","0"
"85",8,"Dak Prescott",DAL,"124.5","1978","11","0","0","0","13","54","1"
"86",8,"Tyrone Tracy Jr.",NYG,"182.3","0","0","38","284","1","192","839","5"
"87",8,"Jaylen Warren",PIT,"124.1","0","0","38","310","0","120","511","1"
"88",8,"Justin Fields",NYJ,"120.1","1106","5","0","0","0","62","289","5"
"89",8,"Mark Andrews",BAL,"188.8","0","0","55","673","11","4","5","0"
"90",8,"Khalil Shakir",BUF,"182.5","0","0","76","821","4","2","4","0"
"91",8,"Jauan Jennings",SF,"210.5","0","0","77","975","6","0","0","0"
"92",8,"Jordan Addison",MIN,"212.5","0","0","63","875","9","3","20","1"
"93",8,"Brock Purdy",SF,"278.9","3864","20","0","0","0","66","323","5"
"94",8,"Ricky Pearsall",SF,"93.5","0","0","31","400","3","3","45","0"
"95",8,"Josh Downs",IND,"183.5","0","0","72","803","5","1","12","0"
"96",8,"Justin Herbert",LAC,"288.4","3870","23","0","0","0","69","306","2"
"97",8,"Deebo Samuel Sr.",WAS,"153.6","0","0","51","670","3","42","136","1"
"98",8,"Michael Pittman Jr.",IND,"165.8","0","0","69","808","3","0","0","0"
"99",8,"Travis Etienne Jr.",JAC,"130.2","0","0","39","254","0","150","558","2"
"100",8,"Caleb Williams",CHI,"260.5","3541","20","0","0","0","81","489","0"
"101",8,"Jared Goff",DET,"336.5","4629","37","0","0","0","35","56","0"
"102",8,"Cooper Kupp",SEA,"175","0","0","67","710","6","2","10","0"
"103",8,"Jayden Reed",GB,"197","0","0","55","857","6","20","163","1"
"104",8,"Drake Maye",NE,"187.1","2276","15","0","0","0","54","421","2"
"105",8,"Jake Ferguson",DAL,"104.4","0","0","59","494","0","0","0","0"
"106",8,"Tucker Kraft",GB,"163.3","0","0","50","707","7","3","6","0"
"107",8,"Jordan Love",GB,"244.9","3389","25","0","0","0","25","83","1"
"108",8,"Emeka Egbuka",TB,"0","0","0","0","0","0","0","0","0"
"109",8,"Javonte Williams",DAL,"157.9","0","0","52","346","0","139","513","4"
"110",8,"Jordan Mason",MIN,"115","0","0","11","91","0","153","789","3"
"111",8,"Zach Charbonnet",SEA,"186.9","0","0","42","340","1","135","569","8"
"112",9,"Trevor Lawrence",JAC,"152.2","2045","11","0","0","0","26","119","3"
"113",9,"C.J. Stroud",HOU,"232.4","3727","20","0","0","0","52","233","0"
"114",9,"Darnell Mooney",ATL,"193.2","0","0","64","992","5","0","0","0"
"115",9,"Rhamondre Stevenson",NE,"175.9","0","0","33","168","1","207","801","7"
"116",9,"Tyler Warren",IND,"0","0","0","0","0","0","0","0","0"
"117",9,"Tyjae Spears",TEN,"113.6","0","0","30","224","1","84","312","4"
"118",9,"Dalton Kincaid",BUF,"100.8","0","0","44","448","2","0","0","0"
"119",9,"Cam Skattebo",NYG,"0","0","0","0","0","0","0","0","0"
"120",9,"Matthew Golden",GB,"0","0","0","0","0","0","0","0","0"
"121",9,"J.J. McCarthy",MIN,"0","0","0","0","0","0","0","0","0"
"122",9,"Dallas Goedert",PHI,"103.6","0","0","42","496","2","0","0","0"
"123",9,"Rachaad White",TB,"199.6","0","0","51","393","6","144","613","3"
"124",9,"J.K. Dobbins",DEN,"191.8","0","0","32","153","0","195","905","9"
"125",9,"Brandon Aiyuk",SF,"62.4","0","0","25","374","0","0","0","0"
"126",9,"Rashid Shaheed",NO,"79.8","0","0","20","349","3","6","29","0"
"127",9,"Najee Harris",LAC,"204.6","0","0","36","283","0","263","1043","6"
"128",9,"Christian Kirk",HOU,"70.9","0","0","27","379","1","0","0","0"
"129",9,"Keon Coleman",BUF,"111.5","0","0","29","556","4","1","9","0"
"130",9,"Tank Bigsby",JAC,"129","0","0","7","54","0","168","766","7"
"131",9,"Colston Loveland",CHI,"0","0","0","0","0","0","0","0","0"
"132",9,"Tua Tagovailoa",MIA,"188.6","2867","19","0","0","0","17","49","0"
"133",9,"Austin Ekeler",WAS,"132.3","0","0","35","366","0","77","367","4"
"134",9,"Cedric Tillman",CLE,"80.4","0","0","29","339","3","1","-5","0"
"135",9,"Luther Burden III",CHI,"0","0","0","0","0","0","0","0","0"
"136",9,"Bryce Young",CAR,"204","2403","15","0","0","0","43","249","6"
"137",9,"Matthew Stafford",LAR,"222.6","3762","20","0","0","0","30","41","0"
"138",9,"Jerome Ford",CLE,"134","0","0","37","225","0","104","565","3"
"139",9,"Michael Penix Jr.",ATL,"47.1","775","3","0","0","0","7","11","1"
"140",9,"Rashod Bateman",BAL,"174.6","0","0","45","756","9","0","0","0"
"141",10,"Hunter Henry",NE,"145.4","0","0","66","674","2","0","0","0"
"142",10,"Ray Davis",BUF,"116.1","0","0","17","189","3","113","442","3"
"143",10,"Tyler Allgeier",ATL,"106.2","0","0","13","88","0","137","644","3"
"144",10,"Marquise Brown",KC,"18.1","0","0","9","91","0","0","0","0"
"145",10,"Quinshon Judkins",CLE,"0","0","0","0","0","0","0","0","0"
"146",10,"Marvin Mims Jr.",DEN,"129.5","0","0","39","503","6","13","42","0"
"147",10,"Jonnu Smith",PIT,"222.3","0","0","88","884","8","2","-1","0"
"148",10,"Romeo Doubs",GB,"132.1","0","0","46","601","4","0","0","0"
"149",10,"Jaydon Blue",DAL,"0","0","0","0","0","0","0","0","0"
"150",10,"Trey Benson",ARI,"47","0","0","6","59","0","63","291","1"
"151",10,"Adam Thielen",CAR,"139.5","0","0","48","615","5","0","0","0"
"152",10,"Wan'Dale Robinson",NYG,"182.7","0","0","93","699","3","3","18","0"
"153",10,"Kyle Pitts Sr.",ATL,"131.2","0","0","47","602","4","0","0","0"
"154",10,"Geno Smith",LV,"281","4320","21","0","0","0","53","272","2"
"155",10,"Braelon Allen",NYJ,"85.2","0","0","19","148","1","92","334","2"
"156",10,"Denver Broncos",DEN,"179","0","0","0","0","0","0","0","0"
"157",10,"Jayden Higgins",HOU,"0","0","0","0","0","0","0","0","0"
"158",10,"DeMario Douglas",NE,"147.7","0","0","66","621","3","3","16","0"
"159",10,"Isaac Guerendo",SF,"94.2","0","0","15","152","0","84","420","4"
"160",10,"Tre' Harris",LAC,"0","0","0","0","0","0","0","0","0"
"161",10,"Zach Ertz",WAS,"177.4","0","0","66","654","7","0","0","0"
"162",10,"Rico Dowdle",CAR,"197.8","0","0","39","249","3","235","1079","2"
"163",10,"Kyle Williams",NE,"0","0","0","0","0","0","0","0","0"
"164",10,"Dylan Sampson",CLE,"0","0","0","0","0","0","0","0","0"
"165",10,"Xavier Legette",CAR,"125.1","0","0","49","497","4","6","24","0"
"166",10,"Jaylen Wright",MIA,"26.7","0","0","3","8","0","68","249","0"
"167",10,"Cameron Ward",TEN,"0","0","0","0","0","0","0","0","0"
"168",10,"Brenton Strange",JAC,"91.1","0","0","40","411","2","0","0","0"
"169",10,"Sam Darnold",SEA,"320","4319","35","0","0","0","67","212","1"
"170",10,"Quentin Johnston",LAC,"174.7","0","0","55","711","8","3","6","0"
"171",10,"Bhayshul Tuten",JAC,"0","0","0","0","0","0","0","0","0"
"172",10,"Philadelphia Eagles",PHI,"135","0","0","0","0","0","0","0","0"
"173",10,"Jalen McMillan",TB,"135.4","0","0","37","461","8","4","43","0"
"174",10,"Roschon Johnson",CHI,"77.4","0","0","16","104","0","55","150","6"
"175",10,"Pittsburgh Steelers",PIT,"146","0","0","0","0","0","0","0","0"
"176",10,"Baltimore Ravens",BAL,"120","0","0","0","0","0","0","0","0"
"177",10,"Nick Chubb",HOU,"63.3","0","0","5","31","1","102","332","3"
"178",11,"Minnesota Vikings",MIN,"162","0","0","0","0","0","0","0","0"
"179",11,"DeAndre Hopkins",BAL,"147","0","0","56","610","5","0","0","0"
"180",11,"Keenan Allen",LAC,"185.4","0","0","70","744","7","0","0","0"
"181",11,"Joshua Palmer",BUF,"107.4","0","0","39","584","1","0","0","0"
"182",11,"Chig Okonkwo",TEN,"113.6","0","0","52","479","2","1","17","0"
"183",11,"Houston Texans",HOU,"139","0","0","0","0","0","0","0","0"
"184",11,"Pat Freiermuth",PIT,"168.3","0","0","65","653","7","0","0","0"
"185",11,"Buffalo Bills",BUF,"133","0","0","0","0","0","0","0","0"
"186",11,"Brandon Aubrey",DAL,"192","0","0","0","0","0","0","0","0"
"187",11,"Jake Bates",DET,"161","0","0","0","0","0","0","0","0"
"188",11,"Mike Gesicki",CIN,"141.5","0","0","65","665","2","0","0","0"
"189",11,"Kansas City Chiefs",KC,"106","0","0","0","0","0","0","0","0"
"190",11,"Blake Corum",LAR,"33.5","0","0","7","58","0","58","207","0"
"191",11,"Jack Bech",LV,"0","0","0","0","0","0","0","0","0"
"192",11,"Detroit Lions",DET,"123","0","0","0","0","0","0","0","0"
"193",11,"Jalen Coker",CAR,"92.6","0","0","32","478","2","0","0","0"
"194",11,"Aaron Rodgers",PIT,"267.6","3897","28","0","0","0","22","107","0"
"195",11,"Cameron Dicker",LAC,"179","0","0","0","0","0","0","0","0"
"196",11,"Cade Otton",TB,"140.6","0","0","59","600","4","1","-4","0"
"197",11,"Michael Wilson",ARI,"124.5","0","0","47","548","4","1","7","0"
"198",11,"Los Angeles Rams",LAR,"118","0","0","0","0","0","0","0","0"
"199",11,"MarShawn Lloyd",GB,"2.8","0","0","1","3","0","6","15","0"
"200",11,"Ka'imi Fairbairn",HOU,"172","0","0","0","0","0","0","0","0"
"201",11,"Isaiah Likely",BAL,"123.7","0","0","42","477","6","0","0","0"
"202",11,"Chris Boswell",PIT,"191","0","0","0","0","0","0","0","0"
"203",11,"Los Angeles Chargers",LAC,"128","0","0","0","0","0","0","0","0"
"204",11,"Wil Lutz",DEN,"160","0","0","0","0","0","0","0","0"
"205",11,"Seattle Seahawks",SEA,"136","0","0","0","0","0","0","0","0"
"206",11,"Chase McLaughlin",TB,"164","0","0","0","0","0","0","0","0"
"207",11,"Alec Pierce",IND,"161.4","0","0","37","824","7","0","0","0"
"208",11,"Green Bay Packers",GB,"148","0","0","0","0","0","0","0","0"
"209",11,"Anthony Richardson Sr.",IND,"175.4","1814","8","0","0","0","86","499","6"
"210",11,"Darius Slayton",NYG,"110","0","0","39","573","2","2","17","0"
"211",11,"Mason Taylor",NYJ,"0","0","0","0","0","0","0","0","0"
"212",11,"Harrison Butker",KC,"100","0","0","0","0","0","0","0","0"
"213",11,"Justice Hill",BAL,"127.1","0","0","42","383","3","47","228","1"
"214",11,"Evan McPherson",CIN,"94","0","0","0","0","0","0","0","0"
"215",11,"Adonai Mitchell",IND,"53.8","0","0","23","312","0","4","6","0"
"216",11,"New York Jets",NYJ,"95","0","0","0","0","0","0","0","0"
"217",11,"Tyler Bass",BUF,"146","0","0","0","0","0","0","0","0"
"218",12,"Dontayvion Wicks",GB,"110.5","0","0","39","415","5","0","0","0"
"219",12,"Jake Elliott",PHI,"141","0","0","0","0","0","0","0","0"
"220",12,"Kareem Hunt",KC,"155.4","0","0","23","176","0","200","728","7"
"221",12,"Dalton Schultz",HOU,"118.2","0","0","53","532","2","0","0","0"
"222",12,"Jaylin Noel",HOU,"0","0","0","0","0","0","0","0","0"
"223",12,"Andrei Iosivas",CIN,"119.9","0","0","36","479","6","0","0","0"
"224",12,"Kendre Miller",NO,"29.1","0","0","5","33","0","39","148","1"
"225",12,"Calvin Austin III",PIT,"118.8","0","0","36","548","4","0","0","0"
"226",12,"San Francisco 49ers",SF,"84","0","0","0","0","0","0","0","0"
"227",12,"Diontae Johnson",CLE,"89.1","0","0","33","375","3","2","6","0"
"228",12,"Tyler Lockett",TEN,"121","0","0","49","600","2","0","0","0"
"229",12,"Will Shipley",PHI,"15.7","0","0","4","35","0","30","82","0"
"230",12,"Russell Wilson",NYG,"177.8","2482","16","0","0","0","43","155","2"
"231",12,"Miles Sanders",DAL,"77.3","0","0","24","148","1","55","205","2"
"232",12,"Jason Sanders",MIA,"166","0","0","0","0","0","0","0","0"
"233",12,"Pat Bryant",DEN,"0","0","0","0","0","0","0","0","0"
"234",12,"Kyle Monangai",CHI,"0","0","0","0","0","0","0","0","0"
"235",12,"Elic Ayomanor",TEN,"0","0","0","0","0","0","0","0","0"
"236",12,"Younghoe Koo",ATL,"120","0","0","0","0","0","0","0","0"
"237",12,"Ja'Tavion Sanders",CAR,"73.2","0","0","33","342","1","0","0","0"
"238",12,"Devaughn Vele",DEN,"106.5","0","0","41","475","3","0","0","0"
"239",12,"Jaleel McLaughlin",DEN,"97.2","0","0","24","76","2","113","496","1"
"240",12,"Woody Marks",HOU,"0","0","0","0","0","0","0","0","0"
"241",12,"Juwan Johnson",NO,"122.8","0","0","50","548","3","0","0","0"
"242",12,"Elijah Arroyo",SEA,"0","0","0","0","0","0","0","0","0"
"243",12,"DJ Giddens",IND,"0","0","0","0","0","0","0","0","0"
"244",12,"Dallas Cowboys",DAL,"111","0","0","0","0","0","0","0","0"
"245",12,"Keaton Mitchell",BAL,"6.8","0","0","1","28","0","15","30","0"
"246",12,"Dyami Brown",JAC,"67.4","0","0","30","308","1","3","26","0"
"247",12,"Cole Kmet",CHI,"120.4","0","0","47","474","4","0","0","0"
"248",12,"Roman Wilson",PIT,"0","0","0","0","0","0","0","0","0"
"249",12,"Elijah Moore",BUF,"120.9","0","0","61","538","1","1","1","0"
"250",12,"Jalen Royals",KC,"0","0","0","0","0","0","0","0","0"
"251",12,"Brandin Cooks",NO,"69.6","0","0","26","259","3","3","-3","0"
"252",12,"Matt Gay",WAS,"139","0","0","0","0","0","0","0","0"
"253",12,"Jalen Tolbert",DAL,"152","0","0","49","610","7","0","0","0"
"254",12,"Devin Neal",NO,"0","0","0","0","0","0","0","0","0"
"255",12,"Raheem Mostert",LV,"70.9","0","0","19","161","0","85","278","2"
"256",12,"Tahj Brooks",CIN,"0","0","0","0","0","0","0","0","0"
"257",12,"Tampa Bay Buccaneers",TB,"104","0","0","0","0","0","0","0","0"
"258",12,"Brashard Smith",KC,"0","0","0","0","0","0","0","0","0"
"259",12,"Joshua Karty",LAR,"135","0","0","0","0","0","0","0","0"
"260",12,"Elijah Mitchell",KC,"0","0","0","0","0","0","0","0","0"
"261",12,"Jarquez Hunter",LAR,"0","0","0","0","0","0","0","0","0"
"262",12,"Malik Washington",MIA,"54.8","0","0","26","223","0","5","25","1"
"263",12,"Kayshon Boutte",NE,"121.9","0","0","43","589","3","0","0","0"
"264",12,"Nick Westbrook-Ikhine",MIA,"135.7","0","0","32","497","9","0","0","0"
"265",12,"Daniel Jones",IND,"142.3","2070","8","0","0","0","67","265","2"
"266",12,"Antonio Gibson",NE,"103.4","0","0","23","206","0","120","538","1"
"267",13,"Audric Estime",DEN,"48.7","0","0","5","27","0","76","310","2"
"268",13,"Kenneth Gainwell",PIT,"62.6","0","0","16","116","0","75","290","1"
"269",13,"Trevor Etienne",CAR,"0","0","0","0","0","0","0","0","0"
"270",13,"Ty Johnson",BUF,"91.7","0","0","18","284","3","41","213","1"
"271",13,"Devin Singletary",NYG,"96.6","0","0","21","119","0","113","437","4"
"272",13,"Cleveland Browns",CLE,"81","0","0","0","0","0","0","0","0"
"273",13,"Dont'e Thornton Jr.",LV,"0","0","0","0","0","0","0","0","0"
"274",13,"Sean Tucker",TB,"68.7","0","0","9","109","1","50","308","2"
"275",13,"Theo Johnson",NYG,"68.1","0","0","29","331","1","0","0","0"
"276",13,"Noah Gray",KC,"113.3","0","0","40","437","5","1","-4","0"
"277",13,"Ollie Gordon II",MIA,"0","0","0","0","0","0","0","0","0"
"278",13,"Harold Fannin Jr.",CLE,"0","0","0","0","0","0","0","0","0"
"279",13,"Jacory Croskey-Merritt",WAS,"0","0","0","0","0","0","0","0","0"
"280",13,"Parker Washington",JAC,"97","0","0","32","390","3","0","0","0"
"281",13,"Tre Tucker",LV,"129.3","0","0","47","539","3","9","44","1"
"282",13,"Joe Flacco",CLE,"106","1761","12","0","0","0","9","26","0"
"283",13,"Amari Cooper",FA,"122.7","0","0","44","547","4","0","0","0"
"284",13,"Tory Horton",SEA,"0","0","0","0","0","0","0","0","0"
"285",13,"Tim Patrick",DET,"92.4","0","0","33","394","3","0","0","0"
"286",13,"Tyler Shough",NO,"0","0","0","0","0","0","0","0","0"
"287",13,"Jalen Nailor",MIN,"103","0","0","28","414","6","3","-4","0"
"288",13,"Xavier Restrepo",TEN,"0","0","0","0","0","0","0","0","0"
"289",13,"Jordan James",SF,"0","0","0","0","0","0","0","0","0"
"290",13,"Isaiah Davis",NYJ,"45.9","0","0","9","75","1","30","174","1"
"291",13,"Luke McCaffrey",WAS,"34.8","0","0","18","168","0","0","0","0"
"292",13,"Chicago Bears",CHI,"121","0","0","0","0","0","0","0","0"
"293",13,"Darren Waller",MIA,"0","0","0","0","0","0","0","0","0"
"294",13,"Dameon Pierce",HOU,"43.5","0","0","2","2","0","40","293","2"
"295",13,"Jaxson Dart",NYG,"0","0","0","0","0","0","0","0","0"
"296",13,"Taysom Hill",NO,"103.3","0","0","23","187","0","39","278","6"
"297",13,"Daniel Carlson",LV,"145","0","0","0","0","0","0","0","0"
"298",13,"Khalil Herbert",IND,"31.5","0","0","10","25","0","36","130","1"
"299",13,"Isaac TeSlaa",DET,"0","0","0","0","0","0","0","0","0"
"300",13,"Noah Fant",CIN,"104","0","0","48","500","1","0","0","0"
"301",13,"Christian Watson",GB,"105.3","0","0","29","620","2","4","23","0"
"302",13,"Terrance Ferguson",LAR,"0","0","0","0","0","0","0","0","0"
"303",13,"Sincere McCormick",LV,"27.2","0","0","6","29","0","39","183","0"
"304",13,"Kimani Vidal",LAC,"32.7","0","0","5","62","1","43","155","0"
"305",13,"Jermaine Burton",CIN,"14.7","0","0","4","107","0","0","0","0"
"306",13,"Will Reichard",MIN,"131","0","0","0","0","0","0","0","0"
"307",13,"New England Patriots",NE,"63","0","0","0","0","0","0","0","0"
"308",13,"Gabe Davis",FA,"53.9","0","0","20","239","2","0","0","0"
"309",13,"Shedeur Sanders",CLE,"0","0","0","0","0","0","0","0","0"
"310",13,"Tez Johnson",TB,"0","0","0","0","0","0","0","0","0"
"311",13,"Chris Brooks",GB,"42.2","0","0","11","69","0","36","183","1"
"312",13,"Damien Martinez",SEA,"0","0","0","0","0","0","0","0","0"
"313",13,"Tyler Higbee",LAR,"26.6","0","0","8","66","2","0","0","0"
"314",13,"Oronde Gadsden II",LAC,"0","0","0","0","0","0","0","0","0"
"315",13,"Emanuel Wilson",GB,"96","0","0","11","48","1","103","502","4"
"316",13,"Ty Chandler",MIN,"28.4","0","0","6","42","0","56","182","0"
"317",13,"Tyler Loop",BAL,"0","0","0","0","0","0","0","0","0"
"318",14,"Arizona Cardinals",ARI,"101","0","0","0","0","0","0","0","0"
"319",14,"Zack Moss",FA,"81.9","0","0","23","187","1","74","242","2"
"320",14,"Tutu Atwell",LAR,"98.9","0","0","42","562","0","2","7","0"
"321",14,"Phil Mafah",DAL,"0","0","0","0","0","0","0","0","0"
"322",14,"Raheim Sanders",LAC,"0","0","0","0","0","0","0","0","0"
"323",14,"Chris Rodriguez Jr.",WAS,"31.5","0","0","1","12","0","35","173","2"
"324",14,"Jason Myers",SEA,"140","0","0","0","0","0","0","0","0"
"325",14,"Will Dissly",LAC,"110.1","0","0","50","481","2","0","0","0"
"326",14,"Ray-Ray McCloud III",ATL,"140.5","0","0","62","686","1","10","79","0"
"327",14,"Zamir White",LV,"29.3","0","0","6","30","0","65","183","1"
"328",14,"Ben Sinnott",WAS,"13.8","0","0","5","28","1","0","0","0"
"329",14,"Tyler Conklin",LAC,"121.9","0","0","51","449","4","1","0","0"
"330",14,"Josh Reynolds",NYJ,"38.4","0","0","13","194","1","0","0","0"
"331",14,"Miami Dolphins",MIA,"84","0","0","0","0","0","0","0","0"
"332",14,"Jordan Whittington",LAR,"52.5","0","0","22","293","0","2","12","0"
"333",14,"Demarcus Robinson",SF,"123.5","0","0","31","505","7","0","0","0"
"334",14,"Samaje Perine",CIN,"81.4","0","0","28","322","1","20","92","1"
"335",14,"A.J. Dillon",PHI,"0","0","0","0","0","0","0","0","0"
"336",14,"Noah Brown",WAS,"86.3","0","0","35","453","1","0","0","0"
"337",14,"Jalen Milroe",SEA,"0","0","0","0","0","0","0","0","0"
"338",14,"Tai Felton",MIN,"0","0","0","0","0","0","0","0","0"
"339",14,"John Metchie III",HOU,"55.4","0","0","24","254","1","0","0","0"
"340",14,"Justin Tucker",FA,"143","0","0","0","0","0","0","0","0"
"341",14,"KaVontae Turpin",DAL,"104.2","0","0","31","420","2","16","92","0"
"342",14,"Spencer Rattler",NO,"72.3","1317","4","0","0","0","18","146","0"
"343",14,"Gus Edwards",FA,"64.1","0","0","3","6","0","101","365","4"
"344",14,"Dawson Knox",BUF,"59.1","0","0","22","311","1","0","0","0"
"345",14,"Michael Mayer",LV,"36.6","0","0","21","156","0","0","0","0"
"346",14,"Troy Franklin",DEN,"67.1","0","0","28","263","2","2","8","0"
"347",14,"New York Giants",NYG,"91","0","0","0","0","0","0","0","0"
"348",14,"Marquez Valdes-Scantling",SEA,"84.5","0","0","19","411","4","1","4","0"
"349",14,"Jake Moody",SF,"118","0","0","0","0","0","0","0","0"
"350",14,"Isaiah Bond",FA,"0","0","0","0","0","0","0","0","0"
"351",14,"Cam Akers",NO,"93.2","0","0","14","68","3","104","444","2"
"352",14,"AJ Barner",SEA,"78.5","0","0","30","245","4","0","0","0"
"353",14,"Curtis Samuel",BUF,"63.7","0","0","31","253","1","5","14","0"
"354",14,"Luke Musgrave",GB,"11.5","0","0","7","45","0","0","0","0"
"355",14,"Chimere Dike",TEN,"0","0","0","0","0","0","0","0","0"
"356",14,"Brandon McManus",GB,"99","0","0","0","0","0","0","0","0"
"357",14,"Savion Williams",GB,"0","0","0","0","0","0","0","0","0"
"358",14,"Washington Commanders",WAS,"90","0","0","0","0","0","0","0","0"
"359",14,"Kirk Cousins",ATL,"192.3","3508","18","0","0","0","23","0","0"
"360",14,"Tank Dell",HOU,"140","0","0","51","667","3","9","43","0"
"361",14,"Cam Little",JAC,"126","0","0","0","0","0","0","0","0"
"362",14,"Donovan Edwards",NYJ,"0","0","0","0","0","0","0","0","0"
"363",14,"Eddy Pineiro",FA,"107","0","0","0","0","0","0","0","0"
"364",15,"Allen Lazard",NYJ,"126","0","0","37","530","6","0","0","0"
"365",15,"Dillon Gabriel",CLE,"0","0","0","0","0","0","0","0","0"
"366",15,"Jaylin Lane",WAS,"0","0","0","0","0","0","0","0","0"
"367",15,"LeQuint Allen Jr.",JAC,"0","0","0","0","0","0","0","0","0"
"368",15,"Mack Hollins",NE,"98.8","0","0","31","378","5","0","0","0"
"369",15,"Greg Dortch",ARI,"90.3","0","0","37","342","3","5","31","0"
"370",15,"Austin Hooper",NE,"108.6","0","0","45","476","3","0","0","0"
"371",15,"Jameis Winston",NYG,"143.1","2121","13","0","0","0","25","83","1"
"372",15,"Hunter Renfrow",CAR,"0","0","0","0","0","0","0","0","0"
"373",15,"KeAndre Lambert-Smith",LAC,"0","0","0","0","0","0","0","0","0"
"374",15,"Matt Prater",FA,"33","0","0","0","0","0","0","0","0"
"375",15,"Gunnar Helm",TEN,"0","0","0","0","0","0","0","0","0"
"376",15,"Kenny Pickett",CLE,"26.1","291","2","0","0","0","9","15","1"
"377",15,"Antwane Wells Jr.",NYG,"0","0","0","0","0","0","0","0","0"
"378",15,"Trey Sermon",PIT,"53.8","0","0","16","99","0","56","159","2"
"379",15,"Van Jefferson",TEN,"63.6","0","0","24","276","2","0","0","0"
"380",15,"Robert Woods",PIT,"38.3","0","0","20","203","0","0","0","0"
"381",15,"Indianapolis Colts",IND,"91","0","0","0","0","0","0","0","0"
"382",15,"Theo Wease Jr.",MIA,"0","0","0","0","0","0","0","0","0"
"383",15,"Luke Schoonmaker",DAL,"57.1","0","0","27","241","1","0","0","0"
"384",15,"Emari Demercado",ARI,"54.7","0","0","16","104","0","24","223","1"
"385",15,"Atlanta Falcons",ATL,"97","0","0","0","0","0","0","0","0"
"386",15,"Jahan Dotson",PHI,"41.9","0","0","19","216","0","1","13","0"
"387",15,"Tommy Tremble",CAR,"56.4","0","0","23","234","2","0","0","0"
"388",15,"Cincinnati Bengals",CIN,"104","0","0","0","0","0","0","0","0"
"389",15,"Kalel Mullings",TEN,"0","0","0","0","0","0","0","0","0"
"390",15,"Jacob Cowing",SF,"10.7","0","0","4","80","0","1","7","0"
"391",15,"Tyrod Taylor",NYJ,"20.1","119","3","0","0","0","3","13","0"
"392",15,"Ja'Quinden Jackson",JAC,"0","0","0","0","0","0","0","0","0"
"393",15,"Cairo Santos",CHI,"109","0","0","0","0","0","0","0","0"
"394",15,"Foster Moreau",NO,"103.3","0","0","32","413","5","0","0","0"
"395",15,"Jonathan Mingo",DAL,"32.2","0","0","17","167","0","2","5","0"
"396",15,"Blake Grupe",NO,"131","0","0","0","0","0","0","0","0"
"397",15,"Kyle Juszczyk",SF,"57.6","0","0","19","200","2","5","26","1"
"398",15,"Chad Ryland",ARI,"125","0","0","0","0","0","0","0","0"
"399",15,"Jordan Watkins",SF,"0","0","0","0","0","0","0","0","0"
"400",15,"Javon Baker",NE,"2.2","0","0","1","12","0","0","0","0"
"401",15,"Deshaun Watson",CLE,"79.7","1148","5","0","0","0","31","148","1"
"402",15,"Jalin Hyatt",NYG,"14.2","0","0","8","62","0","0","0","0"
"403",15,"Olamide Zaccheaus",CHI,"112.4","0","0","45","506","3","1","8","0"
"404",15,"JuJu Smith-Schuster",KC,"53.1","0","0","18","231","2","0","0","0"
"405",15,"Cade Stover",HOU,"34.3","0","0","15","133","1","0","0","0"
"406",15,"Michael Gallup",WAS,"0","0","0","0","0","0","0","0","0"
"407",15,"Jimmy Horn Jr.",CAR,"0","0","0","0","0","0","0","0","0"
"408",15,"Jonathon Brooks",CAR,"7.5","0","0","3","23","0","9","22","0"
"409",15,"Jamari Thrash",CLE,"5.2","0","0","3","22","0","0","0","0"
"410",15,"Kendrick Bourne",NE,"65.1","0","0","28","305","1","1","6","0"
"411",15,"New Orleans Saints",NO,"98","0","0","0","0","0","0","0","0"
"412",15,"Craig Reynolds",DET,"20.9","0","0","3","40","0","31","139","0"
"413",15,"Josh Oliver",MIN,"65.8","0","0","22","258","3","0","0","0"
"414",15,"Graham Gano",NYG,"50","0","0","0","0","0","0","0","0"
"415",15,"Ja'Lynn Polk",NE,"32.7","0","0","12","87","2","1","0","0"
"416",15,"Arian Smith",NYJ,"0","0","0","0","0","0","0","0","0"
"417",15,"Treylon Burks",TEN,"7.5","0","0","4","34","0","2","1","0"
"418",15,"Zay Jones",ARI,"16.4","0","0","8","84","0","0","0","0"
"419",15,"Aidan O'Connell",LV,"97.5","1612","8","0","0","0","21","30","1"
"420",15,"D'Ernest Johnson",BAL,"35.9","0","0","12","96","0","32","143","0"
"421",15,"Alec Ingold",MIA,"26.3","0","0","11","96","0","10","17","1"
"422",15,"Nick Folk",NYJ,"108","0","0","0","0","0","0","0","0"
"423",15,"Joe Milton III",DAL,"19.2","241","1","0","0","0","10","16","1"
"424",15,"KhaDarel Hodge",ATL,"32.1","0","0","7","131","1","0","0","0"
"425",15,"Kalif Raymond",DET,"56.5","0","0","17","215","2","2","0","0"
"426",15,"Jeremy Ruckert",NYJ,"28.5","0","0","18","105","0","0","0","0"
"427",15,"Grant Calcaterra",PHI,"59.8","0","0","24","298","1","0","0","0"
"428",15,"Jimmy Garoppolo",LAR,"20.9","334","2","0","0","0","2","5","0"
"429",15,"Mason Rudolph",PIT,"104.8","1530","9","0","0","0","25","106","1"
"430",15,"Mecole Hardman Jr.",GB,"33.2","0","0","12","90","0","5","62","1"
"431",15,"Tyler Goodson",IND,"44.4","0","0","11","61","1","32","153","1"
"432",15,"Clyde Edwards-Helaire",NO,"10","0","0","3","24","0","13","46","0"
"433",15,"Jake Haener",NO,"14.2","226","1","0","0","0","11","22","0"
"434",16,"Julian Hill",MIA,"22","0","0","12","100","0","0","0","0"
"435",16,"Greg Dulcich",NYG,"7.8","0","0","5","28","0","0","0","0"
"436",16,"Chris Tyree",NO,"0","0","0","0","0","0","0","0","0"
"437",16,"Zach Wilson",MIA,"0","0","0","0","0","0","0","0","0"
"438",16,"Jeremy McNichols",WAS,"63.8","0","0","9","27","0","55","261","4"
"439",16,"Marcus Yarns",NO,"0","0","0","0","0","0","0","0","0"
"440",16,"Bub Means",NO,"26.8","0","0","9","118","1","0","0","0"
"441",16,"Marcus Mariota",WAS,"45.8","364","4","0","0","0","18","92","1"
"442",16,"Malachi Corley",NYJ,"5.2","0","0","3","16","0","2","26","0"
"443",16,"John Bates",WAS,"14.4","0","0","8","84","0","0","0","0"
"444",16,"Sam Howell",MIN,"0.2","24","0","0","0","0","1","2","0"
"445",16,"Pierre Strong Jr.",CLE,"35.2","0","0","14","104","0","26","108","0"
"446",16,"Darnell Washington",PIT,"45","0","0","19","200","1","0","0","0"
"447",16,"Gardner Minshew II",KC,"106.3","2013","9","0","0","0","19","58","0"
"448",16,"Mac Jones",SF,"104.1","1672","8","0","0","0","28","92","1"
"449",16,"Devontez Walker",BAL,"9.1","0","0","1","21","1","0","0","0"
"450",16,"Luke Lachey",HOU,"0","0","0","0","0","0","0","0","0"
"451",16,"Dare Ogunbowale",HOU,"56","0","0","19","198","1","30","112","0"
"452",16,"David Bell",CLE,"5.7","0","0","3","27","0","0","0","0"
"453",16,"K.J. Osborn",WAS,"18.7","0","0","7","57","1","0","0","0"
"454",16,"Cordarrelle Patterson",FA,"37.5","0","0","12","80","1","32","135","0"
"455",16,"Jake Browning",CIN,"-0.2","0","0","0","0","0","2","-2","0"
"456",16,"Mitchell Evans",CAR,"0","0","0","0","0","0","0","0","0"
"457",16,"Efton Chism III",NE,"0","0","0","0","0","0","0","0","0"
"458",16,"Josh Whyle",TEN,"60.8","0","0","28","248","1","0","0","0"
"459",16,"Malik Willis",GB,"51.8","550","3","0","0","0","20","138","1"
"460",16,"Elijah Higgins",ARI,"49.2","0","0","20","172","2","0","0","0"
"461",16,"Andy Dalton",CAR,"65","989","7","0","0","0","11","34","0"
"462",16,"Jacoby Brissett",ARI,"46.2","826","2","0","0","0","15","62","0"
"463",16,"Julius Chestnut",TEN,"13.3","0","0","2","11","0","22","102","0"
"464",16,"Jelani Woods",IND,"0","0","0","0","0","0","0","0","0"
"465",16,"Will Howard",PIT,"0","0","0","0","0","0","0","0","0"
"466",16,"Tyler Johnson",NYJ,"61.1","0","0","26","291","1","0","0","0"
"467",16,"Stone Smartt",NYJ,"34.8","0","0","16","208","0","0","0","0"
"468",16,"Jake Bobo",SEA,"29.7","0","0","13","107","1","0","0","0"
"469",16,"Michael Carter",ARI,"35.8","0","0","11","57","0","35","131","1"
"470",16,"Ezekiel Elliott",FA,"57.5","0","0","12","69","0","74","226","3"
"471",16,"DeeJay Dallas",ARI,"21","0","0","3","11","1","9","49","0"
"472",16,"Patrick Taylor Jr.",SF,"29.8","0","0","3","25","0","39","183","1"
"473",16,"Michael Burton",DEN,"29.3","0","0","10","65","1","7","8","1"
"474",16,"Tyler Badie",DEN,"9.4","0","0","3","-2","0","11","86","0"
"475",16,"Carson Steele",KC,"23.9","0","0","7","26","0","56","183","0"
"476",16,"Hassan Haskins",LAC,"32.8","0","0","3","49","1","34","89","2"
"477",16,"Harrison Bryant",PHI,"17.6","0","0","9","86","0","0","0","0"
"478",16,"Cedrick Wilson Jr.",NO,"49.9","0","0","20","211","1","0","0","0"
"479",16,"Cooper Rush",BAL,"114.6","1844","12","0","0","0","26","18","0"
"480",16,"Brock Wright",DET,"35","0","0","13","100","2","0","0","0"
"481",16,"Taylor Heinicke",LAC,"3.1","28","0","0","0","0","2","20","0"
"482",16,"Scotty Miller",PIT,"11.9","0","0","5","69","0","0","0","0"
"483",16,"Adam Trautman",DEN,"43.8","0","0","13","188","2","0","0","0"
"484",16,"Hunter Luepke",DAL,"26.9","0","0","12","111","0","12","38","0"
"485",16,"Johnny Mundt",JAC,"45.2","0","0","19","142","2","0","0","0"